{
	"credit": "Made with Blockbench",
	"textures": {
		"0": "robbing:item/circles",
		"1": "robbing:item/chain",
		"particle": "robbing:item/circles"
	},
	"elements": [
		{
			"from": [8, 2.512, 7.31758],
			"to": [8.5, 3.012, 7.81758],
			"rotation": {"angle": -22.5, "axis": "x", "origin": [8.2375, 2.3659, 7.18408]},
			"faces": {
				"north": {"uv": [0, 0, 1, 1], "texture": "#0"},
				"east": {"uv": [0, 1, 1, 2], "texture": "#0"},
				"south": {"uv": [1, 0, 2, 1], "texture": "#0"},
				"west": {"uv": [1, 1, 2, 2], "texture": "#0"},
				"up": {"uv": [1, 3, 0, 2], "texture": "#0"},
				"down": {"uv": [3, 0, 2, 1], "texture": "#0"}
			}
		},
		{
			"from": [8, 2.312, 7.56758],
			"to": [8.5, 2.812, 8.06758],
			"rotation": {"angle": -22.5, "axis": "x", "origin": [8.2375, 2.3659, 7.18408]},
			"faces": {
				"north": {"uv": [1, 2, 2, 3], "texture": "#0"},
				"east": {"uv": [2, 1, 3, 2], "texture": "#0"},
				"south": {"uv": [2, 2, 3, 3], "texture": "#0"},
				"west": {"uv": [0, 3, 1, 4], "texture": "#0"},
				"up": {"uv": [4, 1, 3, 0], "texture": "#0"},
				"down": {"uv": [2, 3, 1, 4], "texture": "#0"}
			}
		},
		{
			"from": [8, 2.312, 8.06758],
			"to": [8.5, 2.812, 8.56758],
			"rotation": {"angle": -22.5, "axis": "x", "origin": [8.2375, 2.3659, 7.18408]},
			"faces": {
				"north": {"uv": [3, 1, 4, 2], "texture": "#0"},
				"east": {"uv": [2, 3, 3, 4], "texture": "#0"},
				"south": {"uv": [3, 2, 4, 3], "texture": "#0"},
				"west": {"uv": [3, 3, 4, 4], "texture": "#0"},
				"up": {"uv": [1, 5, 0, 4], "texture": "#0"},
				"down": {"uv": [5, 0, 4, 1], "texture": "#0"}
			}
		},
		{
			"from": [8, 2.412, 8.56758],
			"to": [8.5, 2.912, 9.06758],
			"rotation": {"angle": -22.5, "axis": "x", "origin": [8.2375, 2.3659, 7.18408]},
			"faces": {
				"north": {"uv": [1, 4, 2, 5], "texture": "#0"},
				"east": {"uv": [4, 1, 5, 2], "texture": "#0"},
				"south": {"uv": [2, 4, 3, 5], "texture": "#0"},
				"west": {"uv": [4, 2, 5, 3], "texture": "#0"},
				"up": {"uv": [4, 5, 3, 4], "texture": "#0"},
				"down": {"uv": [5, 3, 4, 4], "texture": "#0"}
			}
		},
		{
			"from": [8, 2.962, 7.31758],
			"to": [8.5, 3.462, 7.81758],
			"rotation": {"angle": -22.5, "axis": "x", "origin": [8.2375, 2.3659, 7.18408]},
			"faces": {
				"north": {"uv": [4, 4, 5, 5], "texture": "#0"},
				"east": {"uv": [0, 5, 1, 6], "texture": "#0"},
				"south": {"uv": [5, 0, 6, 1], "texture": "#0"},
				"west": {"uv": [1, 5, 2, 6], "texture": "#0"},
				"up": {"uv": [6, 2, 5, 1], "texture": "#0"},
				"down": {"uv": [3, 5, 2, 6], "texture": "#0"}
			}
		},
		{
			"from": [8, 3.462, 7.31758],
			"to": [8.5, 3.962, 7.81758],
			"rotation": {"angle": -22.5, "axis": "x", "origin": [8.2375, 2.3659, 7.18408]},
			"faces": {
				"north": {"uv": [5, 2, 6, 3], "texture": "#0"},
				"east": {"uv": [3, 5, 4, 6], "texture": "#0"},
				"south": {"uv": [5, 3, 6, 4], "texture": "#0"},
				"west": {"uv": [4, 5, 5, 6], "texture": "#0"},
				"up": {"uv": [6, 5, 5, 4], "texture": "#0"},
				"down": {"uv": [6, 5, 5, 6], "texture": "#0"}
			}
		},
		{
			"from": [8, 3.662, 7.56758],
			"to": [8.5, 4.162, 8.06758],
			"rotation": {"angle": -22.5, "axis": "x", "origin": [8.2375, 2.3659, 7.18408]},
			"faces": {
				"north": {"uv": [0, 6, 1, 7], "texture": "#0"},
				"east": {"uv": [6, 0, 7, 1], "texture": "#0"},
				"south": {"uv": [1, 6, 2, 7], "texture": "#0"},
				"west": {"uv": [6, 1, 7, 2], "texture": "#0"},
				"up": {"uv": [3, 7, 2, 6], "texture": "#0"},
				"down": {"uv": [7, 2, 6, 3], "texture": "#0"}
			}
		},
		{
			"from": [8, 3.662, 8.06758],
			"to": [8.5, 4.162, 8.56758],
			"rotation": {"angle": -22.5, "axis": "x", "origin": [8.2375, 2.3659, 7.18408]},
			"faces": {
				"north": {"uv": [3, 6, 4, 7], "texture": "#0"},
				"east": {"uv": [6, 3, 7, 4], "texture": "#0"},
				"south": {"uv": [4, 6, 5, 7], "texture": "#0"},
				"west": {"uv": [6, 4, 7, 5], "texture": "#0"},
				"up": {"uv": [6, 7, 5, 6], "texture": "#0"},
				"down": {"uv": [7, 5, 6, 6], "texture": "#0"}
			}
		},
		{
			"from": [8, 3.662, 8.36758],
			"to": [8.5, 4.162, 8.86758],
			"rotation": {"angle": -22.5, "axis": "x", "origin": [8.2375, 2.3659, 7.18408]},
			"faces": {
				"north": {"uv": [6, 6, 7, 7], "texture": "#0"},
				"east": {"uv": [0, 7, 1, 8], "texture": "#0"},
				"south": {"uv": [7, 0, 8, 1], "texture": "#0"},
				"west": {"uv": [1, 7, 2, 8], "texture": "#0"},
				"up": {"uv": [8, 2, 7, 1], "texture": "#0"},
				"down": {"uv": [3, 7, 2, 8], "texture": "#0"}
			}
		},
		{
			"from": [8.125, 2.912, 8.76758],
			"to": [8.375, 3.612, 9.01758],
			"rotation": {"angle": -22.5, "axis": "x", "origin": [8.2375, 2.3659, 7.18408]},
			"faces": {
				"north": {"uv": [7, 2, 8, 3], "texture": "#0"},
				"east": {"uv": [3, 7, 4, 8], "texture": "#0"},
				"south": {"uv": [7, 3, 8, 4], "texture": "#0"},
				"west": {"uv": [4, 7, 5, 8], "texture": "#0"},
				"up": {"uv": [8, 5, 7, 4], "texture": "#0"},
				"down": {"uv": [6, 7, 5, 8], "texture": "#0"}
			}
		},
		{
			"from": [8.2, 2.0022, 6.16556],
			"to": [8.25, 2.5022, 6.26556],
			"rotation": {"angle": 22.5, "axis": "x", "origin": [8.2375, 2.3659, 7.18408]},
			"faces": {
				"north": {"uv": [0, 0, 1, 1], "texture": "#1"},
				"east": {"uv": [0, 1, 1, 2], "texture": "#1"},
				"south": {"uv": [1, 0, 2, 1], "texture": "#1"},
				"west": {"uv": [1, 1, 2, 2], "texture": "#1"},
				"up": {"uv": [1, 3, 0, 2], "texture": "#1"},
				"down": {"uv": [3, 0, 2, 1], "texture": "#1"}
			}
		},
		{
			"from": [8.2, 2.05, 6.175],
			"to": [8.3, 2.55, 6.225],
			"rotation": {"angle": 0, "axis": "y", "origin": [8.2375, 2.3659, 7.18408]},
			"faces": {
				"north": {"uv": [1, 2, 2, 3], "texture": "#1"},
				"east": {"uv": [2, 1, 3, 2], "texture": "#1"},
				"south": {"uv": [2, 2, 3, 3], "texture": "#1"},
				"west": {"uv": [0, 3, 1, 4], "texture": "#1"},
				"up": {"uv": [4, 1, 3, 0], "texture": "#1"},
				"down": {"uv": [2, 3, 1, 4], "texture": "#1"}
			}
		},
		{
			"from": [8.2, 3.25835, 6.73556],
			"to": [8.3, 3.30835, 7.23556],
			"rotation": {"angle": -45, "axis": "x", "origin": [8.2375, 2.3659, 7.18408]},
			"faces": {
				"north": {"uv": [3, 1, 4, 2], "texture": "#1"},
				"east": {"uv": [2, 3, 3, 4], "texture": "#1"},
				"south": {"uv": [3, 2, 4, 3], "texture": "#1"},
				"west": {"uv": [3, 3, 4, 4], "texture": "#1"},
				"up": {"uv": [1, 5, 0, 4], "texture": "#1"},
				"down": {"uv": [5, 0, 4, 1], "texture": "#1"}
			}
		},
		{
			"from": [8.2, 3.18499, 6.72993],
			"to": [8.25, 3.28499, 7.22993],
			"rotation": {"angle": -22.5, "axis": "x", "origin": [8.2375, 2.3659, 7.18408]},
			"faces": {
				"north": {"uv": [1, 4, 2, 5], "texture": "#1"},
				"east": {"uv": [4, 1, 5, 2], "texture": "#1"},
				"south": {"uv": [2, 4, 3, 5], "texture": "#1"},
				"west": {"uv": [4, 2, 5, 3], "texture": "#1"},
				"up": {"uv": [4, 5, 3, 4], "texture": "#1"},
				"down": {"uv": [5, 3, 4, 4], "texture": "#1"}
			}
		},
		{
			"from": [8.2, 3.125, 6.8],
			"to": [8.3, 3.175, 7.3],
			"rotation": {"angle": 0, "axis": "y", "origin": [8.2375, 2.3659, 7.18408]},
			"faces": {
				"north": {"uv": [4, 4, 5, 5], "texture": "#1"},
				"east": {"uv": [0, 5, 1, 6], "texture": "#1"},
				"south": {"uv": [5, 0, 6, 1], "texture": "#1"},
				"west": {"uv": [1, 5, 2, 6], "texture": "#1"},
				"up": {"uv": [6, 2, 5, 1], "texture": "#1"},
				"down": {"uv": [3, 5, 2, 6], "texture": "#1"}
			}
		},
		{
			"from": [8.2, 3.25835, 6.73556],
			"to": [8.3, 3.30835, 7.23556],
			"rotation": {"angle": -45, "axis": "x", "origin": [8.2375, 2.3659, 7.18408]},
			"faces": {
				"north": {"uv": [5, 2, 6, 3], "texture": "#1"},
				"east": {"uv": [3, 5, 4, 6], "texture": "#1"},
				"south": {"uv": [5, 3, 6, 4], "texture": "#1"},
				"west": {"uv": [4, 5, 5, 6], "texture": "#1"},
				"up": {"uv": [6, 5, 5, 4], "texture": "#1"},
				"down": {"uv": [6, 5, 5, 6], "texture": "#1"}
			}
		},
		{
			"from": [8, 0.40594, 6.67001],
			"to": [8.5, 0.90594, 7.17001],
			"rotation": {"angle": 45, "axis": "x", "origin": [8.2375, 2.3659, 7.18408]},
			"faces": {
				"north": {"uv": [7, 5, 8, 6], "texture": "#0"},
				"east": {"uv": [6, 7, 7, 8], "texture": "#0"},
				"south": {"uv": [7, 6, 8, 7], "texture": "#0"},
				"west": {"uv": [7, 7, 8, 8], "texture": "#0"},
				"up": {"uv": [1, 9, 0, 8], "texture": "#0"},
				"down": {"uv": [9, 0, 8, 1], "texture": "#0"}
			}
		},
		{
			"from": [8, 0.20594, 6.92001],
			"to": [8.5, 0.70594, 7.42001],
			"rotation": {"angle": 45, "axis": "x", "origin": [8.2375, 2.3659, 7.18408]},
			"faces": {
				"north": {"uv": [1, 8, 2, 9], "texture": "#0"},
				"east": {"uv": [8, 1, 9, 2], "texture": "#0"},
				"south": {"uv": [2, 8, 3, 9], "texture": "#0"},
				"west": {"uv": [8, 2, 9, 3], "texture": "#0"},
				"up": {"uv": [4, 9, 3, 8], "texture": "#0"},
				"down": {"uv": [9, 3, 8, 4], "texture": "#0"}
			}
		},
		{
			"from": [8, 0.20594, 7.42001],
			"to": [8.5, 0.70594, 7.92001],
			"rotation": {"angle": 45, "axis": "x", "origin": [8.2375, 2.3659, 7.18408]},
			"faces": {
				"north": {"uv": [4, 8, 5, 9], "texture": "#0"},
				"east": {"uv": [8, 4, 9, 5], "texture": "#0"},
				"south": {"uv": [5, 8, 6, 9], "texture": "#0"},
				"west": {"uv": [8, 5, 9, 6], "texture": "#0"},
				"up": {"uv": [7, 9, 6, 8], "texture": "#0"},
				"down": {"uv": [9, 6, 8, 7], "texture": "#0"}
			}
		},
		{
			"from": [8, 0.30594, 7.92001],
			"to": [8.5, 0.80594, 8.42001],
			"rotation": {"angle": 45, "axis": "x", "origin": [8.2375, 2.3659, 7.18408]},
			"faces": {
				"north": {"uv": [7, 8, 8, 9], "texture": "#0"},
				"east": {"uv": [8, 7, 9, 8], "texture": "#0"},
				"south": {"uv": [8, 8, 9, 9], "texture": "#0"},
				"west": {"uv": [0, 9, 1, 10], "texture": "#0"},
				"up": {"uv": [10, 1, 9, 0], "texture": "#0"},
				"down": {"uv": [2, 9, 1, 10], "texture": "#0"}
			}
		},
		{
			"from": [8, 0.85594, 6.67001],
			"to": [8.5, 1.35594, 7.17001],
			"rotation": {"angle": 45, "axis": "x", "origin": [8.2375, 2.3659, 7.18408]},
			"faces": {
				"north": {"uv": [9, 1, 10, 2], "texture": "#0"},
				"east": {"uv": [2, 9, 3, 10], "texture": "#0"},
				"south": {"uv": [9, 2, 10, 3], "texture": "#0"},
				"west": {"uv": [3, 9, 4, 10], "texture": "#0"},
				"up": {"uv": [10, 4, 9, 3], "texture": "#0"},
				"down": {"uv": [5, 9, 4, 10], "texture": "#0"}
			}
		},
		{
			"from": [8, 1.35594, 6.67001],
			"to": [8.5, 1.85594, 7.17001],
			"rotation": {"angle": 45, "axis": "x", "origin": [8.2375, 2.3659, 7.18408]},
			"faces": {
				"north": {"uv": [9, 4, 10, 5], "texture": "#0"},
				"east": {"uv": [5, 9, 6, 10], "texture": "#0"},
				"south": {"uv": [9, 5, 10, 6], "texture": "#0"},
				"west": {"uv": [6, 9, 7, 10], "texture": "#0"},
				"up": {"uv": [10, 7, 9, 6], "texture": "#0"},
				"down": {"uv": [8, 9, 7, 10], "texture": "#0"}
			}
		},
		{
			"from": [8, 1.55594, 6.92001],
			"to": [8.5, 2.05594, 7.42001],
			"rotation": {"angle": 45, "axis": "x", "origin": [8.2375, 2.3659, 7.18408]},
			"faces": {
				"north": {"uv": [9, 7, 10, 8], "texture": "#0"},
				"east": {"uv": [8, 9, 9, 10], "texture": "#0"},
				"south": {"uv": [9, 8, 10, 9], "texture": "#0"},
				"west": {"uv": [9, 9, 10, 10], "texture": "#0"},
				"up": {"uv": [1, 11, 0, 10], "texture": "#0"},
				"down": {"uv": [11, 0, 10, 1], "texture": "#0"}
			}
		},
		{
			"from": [8, 1.55594, 7.42001],
			"to": [8.5, 2.05594, 7.92001],
			"rotation": {"angle": 45, "axis": "x", "origin": [8.2375, 2.3659, 7.18408]},
			"faces": {
				"north": {"uv": [1, 10, 2, 11], "texture": "#0"},
				"east": {"uv": [10, 1, 11, 2], "texture": "#0"},
				"south": {"uv": [2, 10, 3, 11], "texture": "#0"},
				"west": {"uv": [10, 2, 11, 3], "texture": "#0"},
				"up": {"uv": [4, 11, 3, 10], "texture": "#0"},
				"down": {"uv": [11, 3, 10, 4], "texture": "#0"}
			}
		},
		{
			"from": [8, 1.55594, 7.72001],
			"to": [8.5, 2.05594, 8.22001],
			"rotation": {"angle": 45, "axis": "x", "origin": [8.2375, 2.3659, 7.18408]},
			"faces": {
				"north": {"uv": [4, 10, 5, 11], "texture": "#0"},
				"east": {"uv": [10, 4, 11, 5], "texture": "#0"},
				"south": {"uv": [5, 10, 6, 11], "texture": "#0"},
				"west": {"uv": [10, 5, 11, 6], "texture": "#0"},
				"up": {"uv": [7, 11, 6, 10], "texture": "#0"},
				"down": {"uv": [11, 6, 10, 7], "texture": "#0"}
			}
		},
		{
			"from": [8.125, 0.80594, 8.12001],
			"to": [8.375, 1.50594, 8.37001],
			"rotation": {"angle": 45, "axis": "x", "origin": [8.2375, 2.3659, 7.18408]},
			"faces": {
				"north": {"uv": [7, 10, 8, 11], "texture": "#0"},
				"east": {"uv": [10, 7, 11, 8], "texture": "#0"},
				"south": {"uv": [8, 10, 9, 11], "texture": "#0"},
				"west": {"uv": [10, 8, 11, 9], "texture": "#0"},
				"up": {"uv": [10, 11, 9, 10], "texture": "#0"},
				"down": {"uv": [11, 9, 10, 10], "texture": "#0"}
			}
		}
	],
	"display": {
		"thirdperson_righthand": {
			"rotation": [-27, 0, 0],
			"translation": [-0.5, 14, -3.5],
			"scale": [2, 2, 2]
		},
		"thirdperson_lefthand": {
			"translation": [0.5, 14.5, 3],
			"scale": [2, 2, 2]
		},
		"firstperson_righthand": {
			"rotation": [9, 7, 180],
			"translation": [-2, -6, 2.5],
			"scale": [2, 2, 2]
		},
		"firstperson_lefthand": {
			"rotation": [-24, 0, 0],
			"translation": [-1.75, 16.25, 0],
			"scale": [2, 2, 2]
		},
		"ground": {
			"translation": [0, 12.5, 0],
			"scale": [2, 2, 2]
		},
		"gui": {
			"rotation": [103, 99, 80],
			"translation": [5.25, -16, 0],
			"scale": [3, 3, 3]
		},
		"fixed": {
			"rotation": [132.5, 83.5, 45.5],
			"translation": [0.75, -17, 0.25],
			"scale": [3, 3, 3]
		}
	},
	"groups": [
		{
			"name": "handcuffs",
			"origin": [8, 8, 8],
			"color": 0,
			"children": [
				{
					"name": "cerchio2",
					"origin": [8, 8, 8],
					"color": 9,
					"children": [
						{
							"name": "esterno",
							"origin": [8, 8, 8],
							"color": 9,
							"children": [0, 1, 2, 3, 4, 5, 6, 7, 8]
						},
						{
							"name": "chiusura",
							"origin": [8, 8, 8],
							"color": 9,
							"children": [9]
						}
					]
				},
				{
					"name": "catena",
					"origin": [8, 8, 8],
					"color": 3,
					"children": [10, 11, 12, 13, 14, 15]
				},
				{
					"name": "cerchio1",
					"origin": [8, 8, 8],
					"color": 0,
					"children": [
						{
							"name": "esterno",
							"origin": [8, 8, 8],
							"color": 0,
							"children": [16, 17, 18, 19, 20, 21, 22, 23, 24]
						},
						{
							"name": "chiusura",
							"origin": [8, 8, 8],
							"color": 0,
							"children": [25]
						}
					]
				}
			]
		}
	]
}
