{
	"credit": "Made with Blockbench",
	"texture_size": [64, 64],
	"textures": {
		"0": "robbing:item/wrong_cylinder",
		"particle": "robbing:item/wrong_cylinder"
	},
	"elements": [
		{
			"name": "hexadecagon",
			"from": [7.00544, 0, 3],
			"to": [8.99456, 16, 13],
			"rotation": {"angle": -45, "axis": "y", "origin": [8, 8, 8]},
			"faces": {
				"north": {"uv": [2.5, 12, 3, 16], "texture": "#0"},
				"east": {"uv": [0, 0, 2.5, 4], "texture": "#0"},
				"south": {"uv": [3, 12, 3.5, 16], "texture": "#0"},
				"west": {"uv": [2.5, 0, 5, 4], "texture": "#0"},
				"up": {"uv": [11, 14.5, 10.5, 12], "texture": "#0"},
				"down": {"uv": [11.5, 12, 11, 14.5], "texture": "#0"}
			}
		},
		{
			"name": "hexadecagon",
			"from": [7.00544, 0, 3],
			"to": [8.99456, 16, 13],
			"rotation": {"angle": -22.5, "axis": "y", "origin": [8, 8, 8]},
			"faces": {
				"north": {"uv": [4, 12, 4.5, 16], "texture": "#0"},
				"east": {"uv": [4, 12, 4.5, 16], "texture": "#0"},
				"south": {"uv": [4, 12, 4.5, 16], "texture": "#0"},
				"west": {"uv": [4, 12, 4.5, 16], "texture": "#0"},
				"up": {"uv": [4, 12, 4.5, 16], "texture": "#0"},
				"down": {"uv": [4, 12, 4.5, 16], "texture": "#0"}
			}
		},
		{
			"name": "hexadecagon",
			"from": [7.00544, 0, 3],
			"to": [8.99456, 16, 13],
			"rotation": {"angle": 0, "axis": "y", "origin": [8, 8, 8]},
			"faces": {
				"north": {"uv": [4.5, 12, 5, 16], "texture": "#0"},
				"east": {"uv": [5, 0, 7.5, 4], "texture": "#0"},
				"south": {"uv": [5, 12, 5.5, 16], "texture": "#0"},
				"west": {"uv": [5, 4, 7.5, 8], "texture": "#0"},
				"up": {"uv": [13, 2.5, 12.5, 0], "texture": "#0"},
				"down": {"uv": [13, 2.5, 12.5, 5], "texture": "#0"}
			}
		},
		{
			"name": "hexadecagon",
			"from": [7.00544, 0, 3],
			"to": [8.99456, 16, 13],
			"rotation": {"angle": 22.5, "axis": "y", "origin": [8, 8, 8]},
			"faces": {
				"north": {"uv": [5.5, 12, 6, 16], "texture": "#0"},
				"east": {"uv": [7.5, 0, 10, 4], "texture": "#0"},
				"south": {"uv": [6, 12, 6.5, 16], "texture": "#0"},
				"west": {"uv": [7.5, 4, 10, 8], "texture": "#0"},
				"up": {"uv": [13, 7.5, 12.5, 5], "texture": "#0"},
				"down": {"uv": [13, 7.5, 12.5, 10], "texture": "#0"}
			}
		},
		{
			"name": "hexadecagon",
			"from": [7.00544, 0, 3],
			"to": [8.99456, 16, 13],
			"rotation": {"angle": 45, "axis": "y", "origin": [8, 8, 8]},
			"faces": {
				"north": {"uv": [6.5, 12, 7, 16], "texture": "#0"},
				"east": {"uv": [0, 8, 2.5, 12], "texture": "#0"},
				"south": {"uv": [7, 12, 7.5, 16], "texture": "#0"},
				"west": {"uv": [2.5, 8, 5, 12], "texture": "#0"},
				"up": {"uv": [13, 12.5, 12.5, 10], "texture": "#0"},
				"down": {"uv": [13, 12.5, 12.5, 15], "texture": "#0"}
			}
		},
		{
			"name": "hexadecagon",
			"from": [3, 0, 7.00544],
			"to": [13, 16, 8.99456],
			"rotation": {"angle": -22.5, "axis": "y", "origin": [8, 8, 8]},
			"faces": {
				"north": {"uv": [5, 8, 7.5, 12], "texture": "#0"},
				"east": {"uv": [7.5, 12, 8, 16], "texture": "#0"},
				"south": {"uv": [7.5, 8, 10, 12], "texture": "#0"},
				"west": {"uv": [8, 12, 8.5, 16], "texture": "#0"},
				"up": {"uv": [15.5, 0.5, 13, 0], "texture": "#0"},
				"down": {"uv": [15.5, 0.5, 13, 1], "texture": "#0"}
			}
		},
		{
			"name": "hexadecagon",
			"from": [3, 0, 7.00544],
			"to": [13, 16, 8.99456],
			"rotation": {"angle": 0, "axis": "y", "origin": [8, 8, 8]},
			"faces": {
				"north": {"uv": [9, 12, 9.5, 16], "texture": "#0"},
				"east": {"uv": [9, 12, 9.5, 16], "texture": "#0"},
				"south": {"uv": [9, 12, 9.5, 16], "texture": "#0"},
				"west": {"uv": [9, 12, 9.5, 16], "texture": "#0"},
				"up": {"uv": [9, 12, 9.5, 16], "texture": "#0"},
				"down": {"uv": [9, 12, 9.5, 16], "texture": "#0"}
			}
		},
		{
			"name": "hexadecagon",
			"from": [3, 0, 7.00544],
			"to": [13, 16, 8.99456],
			"rotation": {"angle": 22.5, "axis": "y", "origin": [8, 8, 8]},
			"faces": {
				"north": {"uv": [10, 8, 12.5, 12], "texture": "#0"},
				"east": {"uv": [9.5, 12, 10, 16], "texture": "#0"},
				"south": {"uv": [0, 12, 2.5, 16], "texture": "#0"},
				"west": {"uv": [10, 12, 10.5, 16], "texture": "#0"},
				"up": {"uv": [15.5, 2.5, 13, 2], "texture": "#0"},
				"down": {"uv": [15.5, 2.5, 13, 3], "texture": "#0"}
			}
		}
	],
	"display": {
		"thirdperson_righthand": {
			"scale": [0.2, 0.2, 0.2]
		},
		"thirdperson_lefthand": {
			"scale": [0.2, 0.2, 0.2]
		},
		"firstperson_righthand": {
			"scale": [0.2, 0.2, 0.2]
		},
		"firstperson_lefthand": {
			"scale": [0.2, 0.2, 0.2]
		},
		"ground": {
			"scale": [0.5, 0.5, 0.5]
		},
		"gui": {
			"rotation": [8, 130, 0],
			"scale": [0.8, 0.8, 0.8]
		},
		"head": {
			"translation": [0, 11, 0],
			"scale": [0.5, 0.5, 0.5]
		}
	},
	"groups": [
		{
			"name": "hexadecagon",
			"origin": [8, 8, 8],
			"color": 0,
			"children": [0, 1, 2, 3, 4, 5, 6, 7]
		}
	]
}