{
	"credit": "Made with Blockbench",
	"texture_size": [64, 64],
	"textures": {
		"0": "robbing:item/handcuffs_key",
		"particle": "robbing:item/handcuffs_key"
	},
	"elements": [
		{
			"name": "hexadecagon",
			"from": [7.60218, 2, 6],
			"to": [8.39782, 17.4, 10],
			"rotation": {"angle": -45, "axis": "y", "origin": [8, 2.25, 8]},
			"faces": {
				"north": {"uv": [0, 7.5, 0.25, 11.25], "texture": "#0"},
				"east": {"uv": [0, 0, 1, 3.75], "texture": "#0"},
				"south": {"uv": [0.25, 7.5, 0.5, 11.25], "texture": "#0"},
				"west": {"uv": [1, 0, 2, 3.75], "texture": "#0"},
				"up": {"uv": [10.25, 4.5, 10, 3.5], "texture": "#0"},
				"down": {"uv": [10.25, 4.5, 10, 5.5], "texture": "#0"}
			}
		},
		{
			"name": "hexadecagon",
			"from": [7.60218, 2, 6],
			"to": [8.39782, 17.4, 10],
			"rotation": {"angle": -22.5, "axis": "y", "origin": [8, 2.25, 8]},
			"faces": {
				"north": {"uv": [0.5, 7.5, 0.75, 11.25], "texture": "#0"},
				"east": {"uv": [2, 0, 3, 3.75], "texture": "#0"},
				"south": {"uv": [0.75, 7.5, 1, 11.25], "texture": "#0"},
				"west": {"uv": [3, 0, 4, 3.75], "texture": "#0"},
				"up": {"uv": [5.25, 11, 5, 10], "texture": "#0"},
				"down": {"uv": [5.5, 10, 5.25, 11], "texture": "#0"}
			}
		},
		{
			"name": "hexadecagon",
			"from": [7.60218, 2, 6],
			"to": [8.39782, 17.4, 10],
			"rotation": {"angle": 0, "axis": "y", "origin": [8, 2.25, 8]},
			"faces": {
				"north": {"uv": [1, 7.5, 1.25, 11.25], "texture": "#0"},
				"east": {"uv": [0, 3.75, 1, 7.5], "texture": "#0"},
				"south": {"uv": [1.25, 7.5, 1.5, 11.25], "texture": "#0"},
				"west": {"uv": [1, 3.75, 2, 7.5], "texture": "#0"},
				"up": {"uv": [5.75, 11, 5.5, 10], "texture": "#0"},
				"down": {"uv": [10.25, 5.5, 10, 6.5], "texture": "#0"}
			}
		},
		{
			"name": "hexadecagon",
			"from": [7.60218, 2, 6],
			"to": [8.39782, 17.4, 10],
			"rotation": {"angle": 22.5, "axis": "y", "origin": [8, 2.25, 8]},
			"faces": {
				"north": {"uv": [1.5, 7.5, 1.75, 11.25], "texture": "#0"},
				"east": {"uv": [2, 3.75, 3, 7.5], "texture": "#0"},
				"south": {"uv": [1.75, 7.5, 2, 11.25], "texture": "#0"},
				"west": {"uv": [3, 3.75, 4, 7.5], "texture": "#0"},
				"up": {"uv": [6, 11, 5.75, 10], "texture": "#0"},
				"down": {"uv": [6.25, 10, 6, 11], "texture": "#0"}
			}
		},
		{
			"name": "hexadecagon",
			"from": [7.60218, 2, 6],
			"to": [8.39782, 17.4, 10],
			"rotation": {"angle": 45, "axis": "y", "origin": [8, 2.25, 8]},
			"faces": {
				"north": {"uv": [2, 7.5, 2.25, 11.25], "texture": "#0"},
				"east": {"uv": [4, 0, 5, 3.75], "texture": "#0"},
				"south": {"uv": [2.25, 7.5, 2.5, 11.25], "texture": "#0"},
				"west": {"uv": [4, 3.75, 5, 7.5], "texture": "#0"},
				"up": {"uv": [6.5, 11, 6.25, 10], "texture": "#0"},
				"down": {"uv": [6.75, 10, 6.5, 11], "texture": "#0"}
			}
		},
		{
			"name": "hexadecagon",
			"from": [6, 2, 7.60218],
			"to": [10, 17.4, 8.39782],
			"rotation": {"angle": -22.5, "axis": "y", "origin": [8, 2.25, 8]},
			"faces": {
				"north": {"uv": [5, 0, 6, 3.75], "texture": "#0"},
				"east": {"uv": [2.5, 7.5, 2.75, 11.25], "texture": "#0"},
				"south": {"uv": [5, 3.75, 6, 7.5], "texture": "#0"},
				"west": {"uv": [2.75, 7.5, 3, 11.25], "texture": "#0"},
				"up": {"uv": [11, 6.75, 10, 6.5], "texture": "#0"},
				"down": {"uv": [7.75, 10, 6.75, 10.25], "texture": "#0"}
			}
		},
		{
			"name": "hexadecagon",
			"from": [6, 2, 7.60218],
			"to": [10, 17.4, 8.39782],
			"rotation": {"angle": 0, "axis": "y", "origin": [8, 2.25, 8]},
			"faces": {
				"north": {"uv": [6, 0, 7, 3.75], "texture": "#0"},
				"east": {"uv": [3, 7.5, 3.25, 11.25], "texture": "#0"},
				"south": {"uv": [6, 3.75, 7, 7.5], "texture": "#0"},
				"west": {"uv": [3.25, 7.5, 3.5, 11.25], "texture": "#0"},
				"up": {"uv": [11, 7, 10, 6.75], "texture": "#0"},
				"down": {"uv": [11, 7, 10, 7.25], "texture": "#0"}
			}
		},
		{
			"name": "hexadecagon",
			"from": [6, 2, 7.60218],
			"to": [10, 17.4, 8.39782],
			"rotation": {"angle": 22.5, "axis": "y", "origin": [8, 2.25, 8]},
			"faces": {
				"north": {"uv": [7, 0, 8, 3.75], "texture": "#0"},
				"east": {"uv": [3.5, 7.5, 3.75, 11.25], "texture": "#0"},
				"south": {"uv": [7, 3.75, 8, 7.5], "texture": "#0"},
				"west": {"uv": [3.75, 7.5, 4, 11.25], "texture": "#0"},
				"up": {"uv": [11, 7.5, 10, 7.25], "texture": "#0"},
				"down": {"uv": [8.75, 10, 7.75, 10.25], "texture": "#0"}
			}
		},
		{
			"name": "hexadecagon",
			"from": [7.60218, 0, 9],
			"to": [8.39782, 2, 10],
			"rotation": {"angle": -45, "axis": "y", "origin": [8, 0.5, 8]},
			"faces": {
				"north": {"uv": [10.75, 6, 11, 6.5], "texture": "#0"},
				"east": {"uv": [7.75, 10.75, 8, 11.25], "texture": "#0"},
				"south": {"uv": [8, 10.75, 8.25, 11.25], "texture": "#0"},
				"west": {"uv": [8.25, 10.75, 8.5, 11.25], "texture": "#0"},
				"up": {"uv": [10.75, 10, 10.5, 9.75], "texture": "#0"},
				"down": {"uv": [11.5, 4, 11.25, 4.25], "texture": "#0"}
			}
		},
		{
			"name": "hexadecagon",
			"from": [7.60218, 0, 6],
			"to": [8.39782, 2, 7],
			"rotation": {"angle": -45, "axis": "y", "origin": [8, 0.5, 8]},
			"faces": {
				"north": {"uv": [8.5, 10.75, 8.75, 11.25], "texture": "#0"},
				"east": {"uv": [9.25, 10.75, 9.5, 11.25], "texture": "#0"},
				"south": {"uv": [9.5, 10.75, 9.75, 11.25], "texture": "#0"},
				"west": {"uv": [9.75, 10.75, 10, 11.25], "texture": "#0"},
				"up": {"uv": [11.5, 4.5, 11.25, 4.25], "texture": "#0"},
				"down": {"uv": [4.75, 11.25, 4.5, 11.5], "texture": "#0"}
			}
		},
		{
			"name": "hexadecagon",
			"from": [7.60218, 0, 9],
			"to": [8.39782, 2, 10],
			"rotation": {"angle": -22.5, "axis": "y", "origin": [8, 0.5, 8]},
			"faces": {
				"north": {"uv": [10.75, 9.75, 11, 10.25], "texture": "#0"},
				"east": {"uv": [10, 10.75, 10.25, 11.25], "texture": "#0"},
				"south": {"uv": [10.75, 10.25, 11, 10.75], "texture": "#0"},
				"west": {"uv": [10.75, 10.75, 11, 11.25], "texture": "#0"},
				"up": {"uv": [11.5, 4.75, 11.25, 4.5], "texture": "#0"},
				"down": {"uv": [5, 11.25, 4.75, 11.5], "texture": "#0"}
			}
		},
		{
			"name": "hexadecagon",
			"from": [7.60218, 0, 6],
			"to": [8.39782, 2, 7],
			"rotation": {"angle": -22.5, "axis": "y", "origin": [8, 0.5, 8]},
			"faces": {
				"north": {"uv": [11, 0, 11.25, 0.5], "texture": "#0"},
				"east": {"uv": [11, 0.5, 11.25, 1], "texture": "#0"},
				"south": {"uv": [11, 1, 11.25, 1.5], "texture": "#0"},
				"west": {"uv": [11, 1.5, 11.25, 2], "texture": "#0"},
				"up": {"uv": [11.5, 5, 11.25, 4.75], "texture": "#0"},
				"down": {"uv": [11.5, 5, 11.25, 5.25], "texture": "#0"}
			}
		},
		{
			"name": "hexadecagon",
			"from": [7.60218, 0, 6],
			"to": [8.39782, 2, 7],
			"rotation": {"angle": 0, "axis": "y", "origin": [8, 0.5, 8]},
			"faces": {
				"north": {"uv": [11, 2, 11.25, 2.5], "texture": "#0"},
				"east": {"uv": [11, 2.5, 11.25, 3], "texture": "#0"},
				"south": {"uv": [11, 3, 11.25, 3.5], "texture": "#0"},
				"west": {"uv": [5, 11, 5.25, 11.5], "texture": "#0"},
				"up": {"uv": [11.5, 5.5, 11.25, 5.25], "texture": "#0"},
				"down": {"uv": [11.5, 5.5, 11.25, 5.75], "texture": "#0"}
			}
		},
		{
			"name": "hexadecagon",
			"from": [7.60218, 0, 9],
			"to": [8.39782, 2, 10],
			"rotation": {"angle": 0, "axis": "y", "origin": [8, 0.5, 8]},
			"faces": {
				"north": {"uv": [5.25, 11, 5.5, 11.5], "texture": "#0"},
				"east": {"uv": [5.5, 11, 5.75, 11.5], "texture": "#0"},
				"south": {"uv": [5.75, 11, 6, 11.5], "texture": "#0"},
				"west": {"uv": [6, 11, 6.25, 11.5], "texture": "#0"},
				"up": {"uv": [11.5, 6, 11.25, 5.75], "texture": "#0"},
				"down": {"uv": [11.5, 6, 11.25, 6.25], "texture": "#0"}
			}
		},
		{
			"name": "hexadecagon",
			"from": [7.60218, 0, 6],
			"to": [8.39782, 2, 7],
			"rotation": {"angle": 22.5, "axis": "y", "origin": [8, 0.5, 8]},
			"faces": {
				"north": {"uv": [11, 6, 11.25, 6.5], "texture": "#0"},
				"east": {"uv": [6.25, 11, 6.5, 11.5], "texture": "#0"},
				"south": {"uv": [6.5, 11, 6.75, 11.5], "texture": "#0"},
				"west": {"uv": [11, 6.5, 11.25, 7], "texture": "#0"},
				"up": {"uv": [11.5, 6.5, 11.25, 6.25], "texture": "#0"},
				"down": {"uv": [11.5, 6.5, 11.25, 6.75], "texture": "#0"}
			}
		},
		{
			"name": "hexadecagon",
			"from": [7.60218, 0, 9],
			"to": [8.39782, 2, 10],
			"rotation": {"angle": 22.5, "axis": "y", "origin": [8, 0.5, 8]},
			"faces": {
				"north": {"uv": [11, 7, 11.25, 7.5], "texture": "#0"},
				"east": {"uv": [11, 7.5, 11.25, 8], "texture": "#0"},
				"south": {"uv": [11, 8, 11.25, 8.5], "texture": "#0"},
				"west": {"uv": [11, 8.5, 11.25, 9], "texture": "#0"},
				"up": {"uv": [11.5, 7, 11.25, 6.75], "texture": "#0"},
				"down": {"uv": [11.5, 7, 11.25, 7.25], "texture": "#0"}
			}
		},
		{
			"name": "hexadecagon",
			"from": [7.60218, 0, 6],
			"to": [8.39782, 2, 7],
			"rotation": {"angle": 45, "axis": "y", "origin": [8, 0.5, 8]},
			"faces": {
				"north": {"uv": [8.75, 11, 9, 11.5], "texture": "#0"},
				"east": {"uv": [9, 11, 9.25, 11.5], "texture": "#0"},
				"south": {"uv": [11, 9, 11.25, 9.5], "texture": "#0"},
				"west": {"uv": [11, 9.75, 11.25, 10.25], "texture": "#0"},
				"up": {"uv": [11.5, 7.5, 11.25, 7.25], "texture": "#0"},
				"down": {"uv": [11.5, 7.5, 11.25, 7.75], "texture": "#0"}
			}
		},
		{
			"name": "hexadecagon",
			"from": [7.60218, 0, 9],
			"to": [8.39782, 2, 10],
			"rotation": {"angle": 45, "axis": "y", "origin": [8, 0.5, 8]},
			"faces": {
				"north": {"uv": [10.25, 11, 10.5, 11.5], "texture": "#0"},
				"east": {"uv": [11, 10.25, 11.25, 10.75], "texture": "#0"},
				"south": {"uv": [10.5, 11, 10.75, 11.5], "texture": "#0"},
				"west": {"uv": [11, 10.75, 11.25, 11.25], "texture": "#0"},
				"up": {"uv": [8, 11.5, 7.75, 11.25], "texture": "#0"},
				"down": {"uv": [11.5, 7.75, 11.25, 8], "texture": "#0"}
			}
		},
		{
			"name": "hexadecagon",
			"from": [6, 0, 7.60218],
			"to": [7, 2, 8.39782],
			"rotation": {"angle": -22.5, "axis": "y", "origin": [8, 0.5, 8]},
			"faces": {
				"north": {"uv": [0, 11.25, 0.25, 11.75], "texture": "#0"},
				"east": {"uv": [11.25, 0, 11.5, 0.5], "texture": "#0"},
				"south": {"uv": [0.25, 11.25, 0.5, 11.75], "texture": "#0"},
				"west": {"uv": [0.5, 11.25, 0.75, 11.75], "texture": "#0"},
				"up": {"uv": [8.25, 11.5, 8, 11.25], "texture": "#0"},
				"down": {"uv": [11.5, 8, 11.25, 8.25], "texture": "#0"}
			}
		},
		{
			"name": "hexadecagon",
			"from": [9, 0, 7.60218],
			"to": [10, 2, 8.39782],
			"rotation": {"angle": -22.5, "axis": "y", "origin": [8, 0.5, 8]},
			"faces": {
				"north": {"uv": [11.25, 0.5, 11.5, 1], "texture": "#0"},
				"east": {"uv": [0.75, 11.25, 1, 11.75], "texture": "#0"},
				"south": {"uv": [1, 11.25, 1.25, 11.75], "texture": "#0"},
				"west": {"uv": [11.25, 1, 11.5, 1.5], "texture": "#0"},
				"up": {"uv": [8.5, 11.5, 8.25, 11.25], "texture": "#0"},
				"down": {"uv": [11.5, 8.25, 11.25, 8.5], "texture": "#0"}
			}
		},
		{
			"name": "hexadecagon",
			"from": [9, 0, 7.60218],
			"to": [10, 2, 8.39782],
			"rotation": {"angle": 0, "axis": "y", "origin": [8, 0.5, 8]},
			"faces": {
				"north": {"uv": [1.25, 11.25, 1.5, 11.75], "texture": "#0"},
				"east": {"uv": [1.5, 11.25, 1.75, 11.75], "texture": "#0"},
				"south": {"uv": [11.25, 1.5, 11.5, 2], "texture": "#0"},
				"west": {"uv": [1.75, 11.25, 2, 11.75], "texture": "#0"},
				"up": {"uv": [8.75, 11.5, 8.5, 11.25], "texture": "#0"},
				"down": {"uv": [11.5, 8.5, 11.25, 8.75], "texture": "#0"}
			}
		},
		{
			"name": "hexadecagon",
			"from": [6, 0, 7.60218],
			"to": [7, 2, 8.39782],
			"rotation": {"angle": 0, "axis": "y", "origin": [8, 0.5, 8]},
			"faces": {
				"north": {"uv": [2, 11.25, 2.25, 11.75], "texture": "#0"},
				"east": {"uv": [11.25, 2, 11.5, 2.5], "texture": "#0"},
				"south": {"uv": [2.25, 11.25, 2.5, 11.75], "texture": "#0"},
				"west": {"uv": [2.5, 11.25, 2.75, 11.75], "texture": "#0"},
				"up": {"uv": [11.5, 9, 11.25, 8.75], "texture": "#0"},
				"down": {"uv": [11.5, 9, 11.25, 9.25], "texture": "#0"}
			}
		},
		{
			"name": "hexadecagon",
			"from": [6, 0, 7.60218],
			"to": [7, 2, 8.39782],
			"rotation": {"angle": 22.5, "axis": "y", "origin": [8, 0.5, 8]},
			"faces": {
				"north": {"uv": [11.25, 2.5, 11.5, 3], "texture": "#0"},
				"east": {"uv": [2.75, 11.25, 3, 11.75], "texture": "#0"},
				"south": {"uv": [3, 11.25, 3.25, 11.75], "texture": "#0"},
				"west": {"uv": [11.25, 3, 11.5, 3.5], "texture": "#0"},
				"up": {"uv": [9.5, 11.5, 9.25, 11.25], "texture": "#0"},
				"down": {"uv": [11.5, 9.25, 11.25, 9.5], "texture": "#0"}
			}
		},
		{
			"name": "hexadecagon",
			"from": [9, 0, 7.60218],
			"to": [10, 2, 8.39782],
			"rotation": {"angle": 22.5, "axis": "y", "origin": [8, 0.5, 8]},
			"faces": {
				"north": {"uv": [3.25, 11.25, 3.5, 11.75], "texture": "#0"},
				"east": {"uv": [3.5, 11.25, 3.75, 11.75], "texture": "#0"},
				"south": {"uv": [11.25, 3.5, 11.5, 4], "texture": "#0"},
				"west": {"uv": [3.75, 11.25, 4, 11.75], "texture": "#0"},
				"up": {"uv": [9.75, 11.5, 9.5, 11.25], "texture": "#0"},
				"down": {"uv": [10, 11.25, 9.75, 11.5], "texture": "#0"}
			}
		},
		{
			"from": [7.5, 0, 3.75],
			"to": [8.25, 3, 7],
			"rotation": {"angle": 0, "axis": "y", "origin": [7, 0, 5]},
			"faces": {
				"north": {"uv": [6.75, 10.75, 7, 11.5], "texture": "#0"},
				"east": {"uv": [4, 7.5, 4.75, 8.25], "texture": "#0"},
				"south": {"uv": [7, 10.75, 7.25, 11.5], "texture": "#0"},
				"west": {"uv": [4.75, 7.5, 5.5, 8.25], "texture": "#0"},
				"up": {"uv": [7.5, 11.5, 7.25, 10.75], "texture": "#0"},
				"down": {"uv": [7.75, 10.75, 7.5, 11.5], "texture": "#0"}
			}
		},
		{
			"name": "hexadecagon",
			"from": [6.25, 20.00544, 11],
			"to": [9.75, 21.99456, 13],
			"rotation": {"angle": -45, "axis": "x", "origin": [10.25, 21, 8]},
			"faces": {
				"north": {"uv": [5.5, 7.5, 6.5, 8], "texture": "#0"},
				"east": {"uv": [10, 8.5, 10.5, 9], "texture": "#0"},
				"south": {"uv": [6.5, 7.5, 7.5, 8], "texture": "#0"},
				"west": {"uv": [8.75, 10, 9.25, 10.5], "texture": "#0"},
				"up": {"uv": [8.5, 8, 7.5, 7.5], "texture": "#0"},
				"down": {"uv": [9, 0, 8, 0.5], "texture": "#0"}
			}
		},
		{
			"name": "hexadecagon",
			"from": [6.25, 20.00544, 3],
			"to": [9.75, 21.99456, 5],
			"rotation": {"angle": -45, "axis": "x", "origin": [10.25, 21, 8]},
			"faces": {
				"north": {"uv": [8, 0.5, 9, 1], "texture": "#0"},
				"east": {"uv": [10, 9, 10.5, 9.5], "texture": "#0"},
				"south": {"uv": [8, 1, 9, 1.5], "texture": "#0"},
				"west": {"uv": [9.25, 10, 9.75, 10.5], "texture": "#0"},
				"up": {"uv": [9, 2, 8, 1.5], "texture": "#0"},
				"down": {"uv": [9, 2, 8, 2.5], "texture": "#0"}
			}
		},
		{
			"name": "hexadecagon",
			"from": [6.25, 20.00544, 11],
			"to": [9.75, 21.99456, 13],
			"rotation": {"angle": -22.5, "axis": "x", "origin": [10.25, 21, 8]},
			"faces": {
				"north": {"uv": [8, 2.5, 9, 3], "texture": "#0"},
				"east": {"uv": [10, 9.5, 10.5, 10], "texture": "#0"},
				"south": {"uv": [8, 3, 9, 3.5], "texture": "#0"},
				"west": {"uv": [9.75, 10, 10.25, 10.5], "texture": "#0"},
				"up": {"uv": [9, 4, 8, 3.5], "texture": "#0"},
				"down": {"uv": [9, 4, 8, 4.5], "texture": "#0"}
			}
		},
		{
			"name": "hexadecagon",
			"from": [6.25, 20.00544, 3],
			"to": [9.75, 21.99456, 5],
			"rotation": {"angle": -22.5, "axis": "x", "origin": [10.25, 21, 8]},
			"faces": {
				"north": {"uv": [8, 4.5, 9, 5], "texture": "#0"},
				"east": {"uv": [10.25, 3.5, 10.75, 4], "texture": "#0"},
				"south": {"uv": [8, 5, 9, 5.5], "texture": "#0"},
				"west": {"uv": [4, 10.25, 4.5, 10.75], "texture": "#0"},
				"up": {"uv": [6.5, 8.5, 5.5, 8], "texture": "#0"},
				"down": {"uv": [9, 5.5, 8, 6], "texture": "#0"}
			}
		},
		{
			"name": "hexadecagon",
			"from": [6.25, 20.00544, 11],
			"to": [9.75, 21.99456, 13],
			"rotation": {"angle": 0, "axis": "x", "origin": [10.25, 21, 8]},
			"faces": {
				"north": {"uv": [8, 6, 9, 6.5], "texture": "#0"},
				"east": {"uv": [10.25, 4, 10.75, 4.5], "texture": "#0"},
				"south": {"uv": [6.5, 8, 7.5, 8.5], "texture": "#0"},
				"west": {"uv": [4.5, 10.25, 5, 10.75], "texture": "#0"},
				"up": {"uv": [9, 7, 8, 6.5], "texture": "#0"},
				"down": {"uv": [9, 7, 8, 7.5], "texture": "#0"}
			}
		},
		{
			"name": "hexadecagon",
			"from": [6.25, 20.00544, 3],
			"to": [9.75, 21.99456, 5],
			"rotation": {"angle": 0, "axis": "y", "origin": [10.25, 21, 8]},
			"faces": {
				"north": {"uv": [7.5, 8, 8.5, 8.5], "texture": "#0"},
				"east": {"uv": [10.25, 4.5, 10.75, 5], "texture": "#0"},
				"south": {"uv": [4, 8.25, 5, 8.75], "texture": "#0"},
				"west": {"uv": [10.25, 5, 10.75, 5.5], "texture": "#0"},
				"up": {"uv": [6, 9, 5, 8.5], "texture": "#0"},
				"down": {"uv": [7, 8.5, 6, 9], "texture": "#0"}
			}
		},
		{
			"name": "hexadecagon",
			"from": [6.25, 20.00544, 11],
			"to": [9.75, 21.99456, 13],
			"rotation": {"angle": 22.5, "axis": "x", "origin": [10.25, 21, 8]},
			"faces": {
				"north": {"uv": [7, 8.5, 8, 9], "texture": "#0"},
				"east": {"uv": [10.25, 5.5, 10.75, 6], "texture": "#0"},
				"south": {"uv": [8.5, 7.5, 9.5, 8], "texture": "#0"},
				"west": {"uv": [10.25, 6, 10.75, 6.5], "texture": "#0"},
				"up": {"uv": [9, 9, 8, 8.5], "texture": "#0"},
				"down": {"uv": [9.5, 8, 8.5, 8.5], "texture": "#0"}
			}
		},
		{
			"name": "hexadecagon",
			"from": [6.25, 20.00544, 3],
			"to": [9.75, 21.99456, 5],
			"rotation": {"angle": 22.5, "axis": "x", "origin": [10.25, 21, 8]},
			"faces": {
				"north": {"uv": [4, 8.75, 5, 9.25], "texture": "#0"},
				"east": {"uv": [6.75, 10.25, 7.25, 10.75], "texture": "#0"},
				"south": {"uv": [9, 0, 10, 0.5], "texture": "#0"},
				"west": {"uv": [7.25, 10.25, 7.75, 10.75], "texture": "#0"},
				"up": {"uv": [10, 1, 9, 0.5], "texture": "#0"},
				"down": {"uv": [10, 1, 9, 1.5], "texture": "#0"}
			}
		},
		{
			"name": "hexadecagon",
			"from": [6.25, 20.00544, 11],
			"to": [9.75, 21.99456, 13],
			"rotation": {"angle": 45, "axis": "x", "origin": [10.25, 21, 8]},
			"faces": {
				"north": {"uv": [9, 1.5, 10, 2], "texture": "#0"},
				"east": {"uv": [7.75, 10.25, 8.25, 10.75], "texture": "#0"},
				"south": {"uv": [9, 2, 10, 2.5], "texture": "#0"},
				"west": {"uv": [8.25, 10.25, 8.75, 10.75], "texture": "#0"},
				"up": {"uv": [10, 3, 9, 2.5], "texture": "#0"},
				"down": {"uv": [10, 3, 9, 3.5], "texture": "#0"}
			}
		},
		{
			"name": "hexadecagon",
			"from": [6.25, 20.00544, 3],
			"to": [9.75, 21.99456, 5],
			"rotation": {"angle": 45, "axis": "x", "origin": [10.25, 21, 8]},
			"faces": {
				"north": {"uv": [9, 3.5, 10, 4], "texture": "#0"},
				"east": {"uv": [10.25, 10, 10.75, 10.5], "texture": "#0"},
				"south": {"uv": [9, 4, 10, 4.5], "texture": "#0"},
				"west": {"uv": [10.5, 7.5, 11, 8], "texture": "#0"},
				"up": {"uv": [10, 5, 9, 4.5], "texture": "#0"},
				"down": {"uv": [6, 9, 5, 9.5], "texture": "#0"}
			}
		},
		{
			"name": "hexadecagon",
			"from": [6.25, 24, 7.00544],
			"to": [9.75, 26, 8.99456],
			"rotation": {"angle": -22.5, "axis": "x", "origin": [10.25, 21, 8]},
			"faces": {
				"north": {"uv": [9, 5, 10, 5.5], "texture": "#0"},
				"east": {"uv": [10.5, 8, 11, 8.5], "texture": "#0"},
				"south": {"uv": [9, 5.5, 10, 6], "texture": "#0"},
				"west": {"uv": [10.5, 8.5, 11, 9], "texture": "#0"},
				"up": {"uv": [7, 9.5, 6, 9], "texture": "#0"},
				"down": {"uv": [10, 6, 9, 6.5], "texture": "#0"}
			}
		},
		{
			"name": "hexadecagon",
			"from": [6.25, 16, 7.00544],
			"to": [9.75, 18, 8.99456],
			"rotation": {"angle": -22.5, "axis": "x", "origin": [10.25, 21, 8]},
			"faces": {
				"north": {"uv": [9, 6.5, 10, 7], "texture": "#0"},
				"east": {"uv": [8.75, 10.5, 9.25, 11], "texture": "#0"},
				"south": {"uv": [7, 9, 8, 9.5], "texture": "#0"},
				"west": {"uv": [10.5, 9, 11, 9.5], "texture": "#0"},
				"up": {"uv": [10, 7.5, 9, 7], "texture": "#0"},
				"down": {"uv": [9, 9, 8, 9.5], "texture": "#0"}
			}
		},
		{
			"name": "hexadecagon",
			"from": [6.25, 16, 7.00544],
			"to": [9.75, 17, 8.99456],
			"rotation": {"angle": 0, "axis": "x", "origin": [10.25, 21, 8]},
			"faces": {
				"north": {"uv": [9.25, 10.5, 10.25, 10.75], "texture": "#0"},
				"east": {"uv": [5, 8.25, 5.5, 8.5], "texture": "#0"},
				"south": {"uv": [10.5, 9.5, 11.5, 9.75], "texture": "#0"},
				"west": {"uv": [4, 11.25, 4.5, 11.5], "texture": "#0"},
				"up": {"uv": [10, 9, 9, 8.5], "texture": "#0"},
				"down": {"uv": [10, 9, 9, 9.5], "texture": "#0"}
			}
		},
		{
			"name": "hexadecagon",
			"from": [6.25, 24, 7.00544],
			"to": [9.75, 26, 8.99456],
			"rotation": {"angle": 0, "axis": "y", "origin": [10.25, 21, 8]},
			"faces": {
				"north": {"uv": [4, 9.25, 5, 9.75], "texture": "#0"},
				"east": {"uv": [10.25, 10.5, 10.75, 11], "texture": "#0"},
				"south": {"uv": [5, 9.5, 6, 10], "texture": "#0"},
				"west": {"uv": [10.75, 3.5, 11.25, 4], "texture": "#0"},
				"up": {"uv": [7, 10, 6, 9.5], "texture": "#0"},
				"down": {"uv": [8, 9.5, 7, 10], "texture": "#0"}
			}
		},
		{
			"name": "hexadecagon",
			"from": [6.25, 16, 7.00544],
			"to": [9.75, 18, 8.99456],
			"rotation": {"angle": 0, "axis": "y", "origin": [10.25, 21, 8]},
			"faces": {
				"north": {"uv": [9.5, 7.5, 10.5, 8], "texture": "#0"},
				"east": {"uv": [4, 10.75, 4.5, 11.25], "texture": "#0"},
				"south": {"uv": [8, 9.5, 9, 10], "texture": "#0"},
				"west": {"uv": [10.75, 4, 11.25, 4.5], "texture": "#0"},
				"up": {"uv": [10.5, 8.5, 9.5, 8], "texture": "#0"},
				"down": {"uv": [10, 9.5, 9, 10], "texture": "#0"}
			}
		},
		{
			"name": "hexadecagon",
			"from": [6.25, 24, 7.00544],
			"to": [9.75, 26, 8.99456],
			"rotation": {"angle": 22.5, "axis": "x", "origin": [10.25, 21, 8]},
			"faces": {
				"north": {"uv": [4, 9.75, 5, 10.25], "texture": "#0"},
				"east": {"uv": [4.5, 10.75, 5, 11.25], "texture": "#0"},
				"south": {"uv": [10, 0, 11, 0.5], "texture": "#0"},
				"west": {"uv": [10.75, 4.5, 11.25, 5], "texture": "#0"},
				"up": {"uv": [11, 1, 10, 0.5], "texture": "#0"},
				"down": {"uv": [11, 1, 10, 1.5], "texture": "#0"}
			}
		},
		{
			"name": "hexadecagon",
			"from": [6.25, 16, 7.00544],
			"to": [9.75, 18, 8.99456],
			"rotation": {"angle": 22.5, "axis": "x", "origin": [10.25, 21, 8]},
			"faces": {
				"north": {"uv": [10, 1.5, 11, 2], "texture": "#0"},
				"east": {"uv": [10.75, 5, 11.25, 5.5], "texture": "#0"},
				"south": {"uv": [10, 2, 11, 2.5], "texture": "#0"},
				"west": {"uv": [10.75, 5.5, 11.25, 6], "texture": "#0"},
				"up": {"uv": [11, 3, 10, 2.5], "texture": "#0"},
				"down": {"uv": [11, 3, 10, 3.5], "texture": "#0"}
			}
		}
	],
	"display": {
		"thirdperson_righthand": {
			"rotation": [0, 180, 180],
			"translation": [0, 1.75, 0],
			"scale": [0.1, 0.1, 0.1]
		},
		"thirdperson_lefthand": {
			"rotation": [0, 180, 180],
			"translation": [0, 1.75, 0],
			"scale": [0.1, 0.1, 0.1]
		},
		"firstperson_righthand": {
			"rotation": [0, 180, 180],
			"translation": [0, 2.75, 0],
			"scale": [0.2, 0.2, 0.2]
		},
		"firstperson_lefthand": {
			"rotation": [0, 180, 180],
			"translation": [0, 2.75, 0],
			"scale": [0.2, 0.2, 0.2]
		},
		"ground": {
			"rotation": [0, 180, 151],
			"scale": [0.2, 0.2, 0.2]
		},
		"gui": {
			"rotation": [-90, 122, 90],
			"translation": [-1.5, -2.5, 0],
			"scale": [0.58, 0.58, 0.58]
		},
		"head": {
			"rotation": [0, 180, 180],
			"translation": [0, 8.25, 0],
			"scale": [0.1, 0.1, 0.1]
		},
		"fixed": {
			"rotation": [0, 90, 0],
			"translation": [0, -1.75, 0],
			"scale": [0.4, 0.4, 0.4]
		}
	},
	"groups": [
		{
			"name": "main",
			"origin": [8, 8, 8],
			"color": 8,
			"children": [
				{
					"name": "body",
					"origin": [8, 8, 8],
					"color": 8,
					"children": [
						0,
						1,
						2,
						3,
						4,
						5,
						6,
						7,
						{
							"name": "circular crown",
							"origin": [8, 8, 8],
							"color": 8,
							"children": [8, 9, 10, 11, 12, 13, 14, 15, 16, 17, 18, 19, 20, 21, 22, 23]
						},
						24
					]
				},
				{
					"name": "top",
					"origin": [8, 8, 8],
					"color": 8,
					"children": [25, 26, 27, 28, 29, 30, 31, 32, 33, 34, 35, 36, 37, 38, 39, 40, 41]
				}
			]
		}
	]
}
