{
	"credit": "Made with Blockbench",
	"texture_size": [64, 64],
	"textures": {
		"1": "robbing:item/panel_number_check"
	},
	"elements": [
		{
			"from": [0, 0, 7],
			"to": [16, 16, 9],
			"rotation": {"angle": 0, "axis": "y", "origin": [0, 0, 7]},
			"faces": {
				"north": {"uv": [0, 0, 4, 4], "texture": "#1"},
				"east": {"uv": [4, 0, 4.5, 4], "texture": "#1"},
				"south": {"uv": [0, 4, 4, 8], "texture": "#1"},
				"west": {"uv": [4, 4, 4.5, 8], "texture": "#1"},
				"up": {"uv": [8.5, 0.5, 4.5, 0], "texture": "#1"},
				"down": {"uv": [8.5, 0.5, 4.5, 1], "texture": "#1"}
			}
		}
	],
	"display": {
		"gui": {
			"rotation": [0, 180, 0]
		}
	}
}